x_1,x_2,z
-0.6641660903645872,1.0515388293480166,-1
0.3212497287388041,2.9661270390334833,3
-0.07874785688591653,0.9556933562628299,-1
-0.0365384982779865,1.0301586381423824,-1
-1.5539562591355018,2.7769524717558696,-1
-1.5465862435480418,1.6872990283743268,-1
-0.02753254502773424,0.04143595083138036,-1
-1.1159094742646096,3.7029543168392878,-1
0.4391029282398857,0.4063352251776273,-1
-1.756433880770976,2.734435027971183,-1
-0.015052161071796612,1.0655270749145664,-1
0.014336374820214492,1.0172827192272913,-1
-0.03758877336943685,-0.07963437674496145,-1
0.30896177520939705,0.7781430866223435,-1
0.0773876349447993,-0.2539519720366567,-1
0.6577386945472548,1.8390714876646181,-1
0.005614478068658203,1.0489597804428528,-1
-0.02739726528745763,1.1211200694250198,-1
-0.6630952844689344,1.2873095321135961,-1
0.6174262688562118,0.5009032164208068,-1
0.049329378159865905,-0.3741930513908291,-1
0.10853916248289264,0.5333997252756926,-1
0.023128800395353533,0.5037282428592944,-1
0.406945051942869,0.8135850751043618,-1
0.06433800377993629,1.0707137718071644,-1
0.21204609806120892,-0.007840315675726057,-1
0.08725044783447108,0.26355507901312514,-1
0.11799755031132264,-0.30779079095049666,-1
-0.8488414470248813,0.006795034094953412,-1
0.11149239252140963,0.02633074699460409,-1
-2.0406270683832055,1.3798543479575287,-1
0.04155965089732126,-0.013006518005029022,0
-0.683278581044912,2.119079812259968,-1
0.10583945628307916,0.13575770193933853,-1
0.13935735451799625,1.0431369694699124,-1
0.20666646355239984,0.5765187034710167,-1
0.2394971039108949,0.7695576388934406,-1
0.027541147381776005,-0.14808337748548772,-1
0.23104094106432277,0.37398151943493274,-1
-0.05844525027646291,0.22822758413121758,-1
0.2649407389878813,0.32697577850078713,-1
-2.640366585649295,0.9590430543275377,-1
0.5745459834888946,0.546476281713277,-1
0.030823721261361393,1.2856810826881464,-1
-0.012519152509891144,-0.2398643405451552,-1
-0.8936595392287155,2.3037926416133283,-1
0.44080363869153044,-0.07644954949188171,-1
-0.04021879617846936,0.0794990584176232,-1
0.3279996513801843,0.576776327128971,-1
0.16574339860402124,0.06837510608780403,-1
-0.07746963462141934,0.03272773393778641,-1
0.7602757958760364,3.0089773856934494,-1
-0.04657654368945915,-0.0012377860263897377,-1
-0.31839630559642984,1.9360958038913774,-1
0.14751335350951136,0.5854682029414717,-1
0.696040002353806,0.41153099193985787,-1
0.08157749978747365,1.2156062885367809,-1
-3.908071215047316,3.1160952271333597,-1
-2.7440030554833132,-0.30958879399015315,-1
0.1388494337182129,-0.15541727960954826,-1
0.37526612381951735,0.62903836602817,-1
-0.20926102989037784,1.2917831158369468,-1
0.022147929787150272,0.7864985907592685,-1
0.12252390133943779,-0.09254157543729849,-1
0.3102759249314968,2.2804350414555135,-1
-1.0749411485573837,1.0225382406109742,-1
-0.004717050654153637,0.4221641212307482,-1
0.2832395645630749,0.5853342081094096,-1
-0.13056054027299746,0.9747681284150629,-1
0.4572006776875277,1.978124043579144,-1
0.23932280903102415,0.44819669274055696,-1
0.25586968374005975,0.0656712064654021,-1
-0.875265863517852,2.345137108420702,-1
0.18675165032305002,0.47120520549110856,-1
0.24007848046648356,0.45610499263910204,-1
-4.271295728065541,0.5450381119915423,-1
-0.08351092296982757,0.09234457905183939,-1
-0.19387749085629802,0.30501410436517107,-1
0.11324229676033504,0.9151599140273232,-1
0.17069709435326744,0.2995672691942684,-1
-1.750024077499863,2.172571500469184,-1
-0.678757845503611,-0.7602797270607207,-1
-0.02433132852660594,0.24076879846847252,-1
-0.9599316339629629,1.1709808092516005,-1
-0.8374548375663802,0.217127820006636,-1
-0.03280752664381603,0.52214037771332,-1
0.4972329194829961,0.3420350102348835,-1
0.3653245670076763,0.4757365804450789,-1
-0.5169510081124278,1.8891121890397782,-1
0.4520109885151292,0.34745461340657074,-1
0.04716993275686643,-0.09469589286150204,-1
-0.11852311739902142,0.9295701649629219,2
-1.5627881229996885,1.9307010400651137,-1
0.009131434024689576,0.10119561271545298,-1
-0.8904202452587552,1.1534449587006876,-1
0.26625737242946484,0.6342886938347974,-1
-0.10216459025131294,-0.1199594624878693,-1
-0.1673241729152762,1.3931720654990534,-1
-0.04748329686616026,0.7388307848175459,-1
-0.06550718434569835,2.5759095596554755,-1
1.8422321703574784,-0.0213690887513871,3
0.17341999247781212,0.4080272805359711,-1
0.014427524949230122,-0.1582907242421541,-1
0.07555024232241488,-0.1705573090100825,-1
0.046378299052348804,1.328429755563695,-1
-0.5893721920820365,1.6061908015362658,-1
0.276336273871023,0.5126767125630177,-1
-0.19663870517728985,1.1490746126673683,-1
-0.15385951333220743,-0.05697417482066276,-1
-1.5274057327993888,1.4763378789689834,-1
-1.2316867457481382,1.3465809135797717,-1
-0.09025756972250094,1.1641800970235106,-1
0.44958036935959744,0.6013873233168611,1
-0.39497240023371716,1.014554471236377,-1
-2.5040743302123714,2.262843783687711,-1
-3.3430536389998577,3.9954067645602627,-1
-0.09666331285313437,1.4802470939150751,-1
-1.169256672299857,3.102022865056033,-1
-1.7112948551302243,0.9259040360651756,-1
-0.8731132475576233,1.228571017373941,-1
0.3913923307435475,0.5054539523454271,-1
-0.5877082587468113,2.6314208864588995,-1
-2.5253117800874243,2.1255548278003253,-1
0.605160237195089,0.24344354121554668,-1
0.39617286467456947,0.40383338305905364,-1
-0.043069194933517164,0.05742116232093678,-1
-2.1149234020543304,1.4496547082930324,-1
-2.0737703139913073,0.8603108856745509,-1
-1.3164824564240751,1.5511516721625267,-1
-1.251284110430705,1.633128634490614,-1
0.42141273310602023,0.3554696967018498,-1
-0.9473323520641553,0.11655374566630083,-1
-0.1860553487067681,2.162343799067191,-1
0.12974885566147867,0.3264492609203862,-1
-1.0347526566709535,1.5947195398086098,-1
0.07374031051909574,1.219699627254756,-1
-1.0211889203875513,0.14859536418222885,-1
-1.2045571370245203,1.3479866760513943,-1
-1.6377090214363013,0.8234337353711456,-1
-0.09579067434481404,-0.01431909967733047,-1
-0.12243501883129376,1.4946541981363999,-1
-0.5710309546850623,1.3844149921469786,-1
0.21136621201248162,0.25120858386679606,-1
0.03076691894896959,1.249211433658653,-1
-1.803992690877827,1.8180805432419906,-1
0.3808652836405306,0.7254978541484643,-1
0.2827374720652062,0.49996543271306587,-1
-0.15652995904184308,0.04767482065547829,-1
0.2400708897178598,1.1444226922300296,-1
-0.19727884079138536,0.20092283774930753,-1
0.1764122490499264,1.092295155441637,-1
-1.14383869368737,1.2986505834477313,-1
0.04555197748952681,1.1515182293449129,-1
-1.5017693100991898,0.7517077684106179,-1
0.16350108959192966,0.9764351639788289,-1
0.18191865233828272,0.2842490963613994,-1
0.15880934233729146,-0.1470014374018085,-1
0.29813529140505945,1.1115740915954722,-1
-1.74775595552393,0.8306620285680315,-1
0.3178725143005585,0.6603441143752677,-1
0.09592416636004157,0.22679253959867843,-1
0.08090227401786862,-0.03553203063632535,-1
-1.6001244390202622,2.1515383605781273,-1
-0.02666389282039354,1.1321720453121145,2
0.08725107846434295,-0.13608228765523384,-1
0.427126695189636,0.8798823085395218,-1
0.09750439077042301,-0.034244520191825396,-1
0.0903291013407102,0.5634358162282928,-1
0.0533518989730839,1.384674938512814,-1
-0.10206650761566725,1.3436391071962235,-1
0.20026483925699956,0.08319243181792071,-1
0.25379772851406357,2.131804845963808,-1
-1.4438980768227567,-1.0982838333621499,-1
0.03700810306215192,0.7561703896887463,-1
-0.9556493367933291,2.450709755891477,-1
0.03339942443637503,0.07727053533740777,-1
0.9149533840824395,1.208437103447372,-1
-0.05373382139059424,0.934577389539305,-1
-0.3400392856765606,0.9202087914932569,-1
-0.7892049785264192,1.0937038588605579,-1
0.14716846882670234,1.266377022217573,-1
0.6616867485490708,0.6939550015021276,-1
-0.12303835554140788,0.9701214163276579,-1
0.19348453980020702,-0.12884975795064352,-1
0.19554372050277102,-0.11958600748553938,-1
-0.08835167774566155,1.2742254478089077,-1
0.1975726421802421,0.4841524713993043,-1
0.15882631192260616,0.18418056202301364,-1
-0.15054989538111374,3.094392425212713,-1
0.2561548268330462,1.1216781274131171,-1
0.3352319706429976,1.077406440880843,-1
-1.7963927953399186,2.179988769052927,-1
0.40183410878859166,0.3417881101955236,-1
-0.15441050164883613,1.016187876135267,-1
0.30091639288880434,0.599015709055622,-1
-0.03282958972429134,0.11792384833159596,-1
0.18247994330307887,-0.10425992931783351,-1
0.061926967175820684,0.18168339478526718,-1
0.059489799618564376,0.7266263137534255,-1
0.26735265118457807,0.9144748453359719,-1
-0.37581831597286663,1.8513772257044312,-1
-0.1798787667681655,1.0679355581329661,-1
-0.040972763061363514,1.0899389320416817,-1
0.37776369732293075,0.576954850610454,-1
-0.14534202186821005,1.2149877216025482,-1
0.16159423870627054,3.4400719467448417,-1
0.3320720989255696,0.6886463461250649,-1
-1.8850902933339628,0.6937967179060305,-1
0.3440101683601594,0.6269406597718254,-1
0.04247604883394429,0.27811099651138244,-1
-0.010419340453181634,0.0689437130068159,-1
0.34853642738920865,0.7460766150268543,1
-0.32924201647458845,0.04923053492780447,-1
0.7684638582830847,0.5509863649389144,-1
0.5406332150176403,1.9006788511032089,-1
0.10519119519662554,0.2996788949810407,-1
0.08565389591857515,0.09770706519605533,-1
0.15340629815584417,2.3218747892817637,-1
0.296257345902453,0.5058486611058796,-1
0.2268205304663929,0.7045093695301701,-1
-0.05303661342595647,0.1271481039848944,-1
0.2412218699865596,0.930134219351661,-1
-0.12007620743841015,1.2458692421563289,-1
-0.03170940501876074,1.4999223770105257,-1
-0.20175587373707282,1.0332992781288997,-1
-2.0534719264055026,1.6764109735722414,-1
0.2249473404393771,-0.011064155168535612,-1
0.28878104456520315,0.1776095229950042,-1
0.14476371778402675,0.14970091646939343,-1
-0.0750338117095867,0.11076153832217706,-1
-1.629438282747439,1.6835825498791803,-1
-0.34360480492052614,2.169561123296474,-1
0.07945521531217295,0.14584928136320188,-1
0.13053026652220862,-0.17249720279567327,-1
0.02778586864197697,1.2739174511906057,-1
0.04908997857901482,0.07370023474840391,-1
0.4549938250627914,0.6429684780480392,-1
0.007837315385914184,0.089352968459727,-1
0.0661527288367667,0.5464556310929005,-1
0.550550410611909,0.4892541060204261,-1
0.43432871474166945,0.3054116231918549,-1
0.051946059547241505,-0.07370754517220253,-1
0.3395237732390873,0.7255495863001117,-1
0.11011039155079248,-0.3100069942387795,-1
-0.4667755844515509,2.14560359850656,-1
-1.116409532900263,2.1842489960009415,-1
0.5256832394772377,0.5272059954004215,-1
-0.056868684972912094,-0.033104647189039604,-1
-2.0920498328849515,1.6947931867749266,-1
-1.4644315153685774,1.4803523673027486,-1
0.5337210973739757,0.5676482961298335,-1
-0.022882563251531693,1.4248428547002412,-1
-0.033485005702391824,0.15783571705007443,-1
-0.27185303958925594,0.9680208397111763,-1
-1.733577666953773,2.833492986909965,-1
-0.02864072312558184,0.24378666133341517,-1
-1.5120407538213123,0.6153459606529885,-1
0.21196396279358626,-0.11900185665391198,-1
-1.088281105305582,0.1996751505196559,-1
0.45865184502324097,0.5981737456035153,-1
-0.05221914405691841,1.111166251315323,-1
0.1324595409672511,2.000292165060784,-1
0.058885734818112226,-0.011787778311255036,-1
0.43188419573694425,0.7617736849551751,-1
-0.9845873298008035,2.352591290544072,-1
-0.14138887718698542,0.015035411709002517,-1
-0.08951805928780754,0.18709531359766568,-1
-0.07865002707340298,0.13908420567174828,-1
-1.7014533509064793,0.7660076987012808,-1
0.11802418332217726,-0.19096682393588152,-1
0.2843386695484184,0.6311774823053034,-1
0.14393512831799832,0.4333726621289969,-1
-0.1394653519604355,1.4196102970960007,-1
-1.1035296840235629,0.303317112666049,-1
0.3166907803039695,0.6381278300954197,-1
-1.5121686676747983,0.3625576473486327,-1
-0.03886823375491236,0.015345056608163985,-1
-0.8160264031252522,2.500407335293666,-1
-0.15584823836190984,-0.039758753198732046,-1
-0.8583392007591406,0.710907775603324,-1
0.05317451902874152,-0.2621583956186504,-1
0.48291629815438947,0.8856181427954857,-1
0.02712445592286101,1.3624844253974797,-1
-2.8031643470113923,2.0659245621389357,-1
-0.32052405431084324,-0.13152064698700858,-1
0.38550879404208743,0.28640006854122246,-1
0.4615139357170664,0.43451526173181604,-1
0.1907546398245318,-0.0979202179935912,-1
0.4562041896169049,0.5342857760753279,-1
-0.0043987244934414246,-0.32763190835922446,-1
-0.09765855361712572,1.2637995985831287,-1
-3.7834396384914446,1.7834152333757316,-1
0.6680596766130176,0.7193006677032958,-1
-1.3358740586482205,2.180950928321096,-1
0.20480101250384336,0.6810220506329713,-1
-0.22390833746793196,-0.018817672369818857,-1
0.11444365232207075,1.6087608999275076,-1
-2.332606691137174,1.9785597028473725,-1
-0.12979841405154394,1.0032649644703484,-1
0.03539325610719974,-0.049033948895963256,-1
-1.047675610681028,0.6233004565809042,-1
0.14898546128345408,-0.11863111295039507,-1
0.16020642976906102,1.6677171592816777,-1
0.43314031548414333,1.0687244216842366,-1
-0.03405143138241552,0.16839411538638788,-1
0.15475844129292674,1.2010120692988604,-1
-1.7100003451444445,0.7618131432076373,-1
0.09091871992474455,1.2774759565170315,-1
-0.07810016709803316,1.4709490627231774,-1
0.6033481550519869,0.4534523732860845,-1
-2.1008637654912423,0.919508976980747,-1
0.0368795996383631,-0.06229766380851019,0
0.5524076772639565,0.49740556325848817,-1
0.38701058722156545,0.14352356993143817,-1
-2.3384922501312175,-0.23369929479826723,-1
-0.3149463408937093,0.01764986799751586,-1
-0.09358256785972299,1.2486583307087542,-1
0.12955660829173046,0.40774898252947256,-1
0.47867258810854935,0.5509019481932637,-1
-0.2904988677780289,0.9741064371811388,-1
-0.028564396373087386,0.4978265327725052,-1
-0.17647652938774444,1.393447756055137,-1
-0.2706558146701785,1.35550901597931,-1
0.12124290112910559,1.333117225410214,-1
-0.9863904207929045,1.505927276180499,-1
-0.3350086950429686,0.21867672175566466,-1
0.04654740718635457,0.9556257577655938,-1
-0.14509589485902627,-0.18242221622328553,-1
0.3455213773478452,0.692943288008878,-1
0.42461854028079493,0.819304457093222,-1
0.21095962082629616,0.5638788784914187,-1
0.20978254460265877,1.1336373837874012,-1
0.007288105421916345,-0.11217620701516781,-1
-0.7561432558726029,2.1088763053384505,-1
-0.33330965820857017,1.0703930725561848,-1
0.38930272549452327,0.2830158919382291,-1
-0.34264824236425906,0.8060633226191712,-1
-1.3777046664369468,2.4940565983123566,-1
0.3835182628453695,0.5310985823853203,-1
0.17878965811295838,1.1585527107309466,-1
-0.6098168256047463,-0.0022318077248228985,-1
0.05661123568757523,-0.01298507798338447,-1
0.08762965275205724,1.3332752979685556,-1
0.10137880776766295,0.07126441429561915,-1
0.2663615627430281,1.3923618276245542,-1
0.7163166799316849,0.32308725048218,-1
0.1716020740855726,1.6878288993815787,-1
-1.756495849927091,0.23203012000392365,-1
0.20821710254750006,-0.007998673178651348,-1
0.5172807430853367,0.6591441542191374,-1
-0.6774549004132122,1.7740031115841528,-1
-0.3344801820676808,1.6228699292400006,-1
0.2503078091498331,0.38305531137255866,-1
0.42365868280792973,0.23475185385676373,-1
0.03306367750105266,2.2432752782246608,-1
-1.383622404109858,3.117079824812151,-1
-0.269753702937538,1.5992263068454078,-1
-0.9537733737749897,2.030015375073791,-1
0.2305588935161045,0.058959542206890946,-1
0.19614685924389533,0.5375658439545711,-1
0.13816596530054426,1.0051786055238934,-1
0.32433985267483056,0.61582658183375,-1
-1.3578657680849566,1.4219742738964527,-1
0.2099563841779239,0.0677017376318152,-1
-0.9803223120290806,1.6564915906696394,-1
0.23099971869099756,0.8101755449663031,-1
-2.2245930464108064,1.0705008028749594,-1
0.22741990526009226,0.9912883228102556,-1
-1.438016553782851,1.2254408085368445,-1
-1.914589567035485,0.377994092984101,-1
0.13272917331223577,0.8532353855238035,-1
-0.481237772330267,-0.04417128504467982,-1
0.08638210504960021,1.1936429251374585,-1
-0.5000561935332399,2.4690387704035732,-1
0.28179381383645785,0.7137785207426691,-1
-1.4028136258884054,2.0279474652421947,-1
-0.7601529052147724,4.701657552552458,-1
0.6388854223767158,0.6192306207906095,-1
-0.18660735779475826,1.1691625400664332,-1
-0.1844896986872901,0.693286200367003,-1
0.5181026807132819,0.439486743706417,-1
0.23305933102002319,-0.1401969822414097,-1
-0.9084170532370037,0.7918447523987716,-1
-0.06974657652914162,-0.11113261509056103,-1
-0.6646845681131596,1.517043768097655,-1
0.0880873075542786,1.4313365119848003,-1
-0.18819610222325797,1.38442434019594,-1
-0.8046764701999777,1.5815964484655365,-1
-0.1164470755286735,1.9246308836836765,-1
0.2791437478829764,1.3137824438631454,-1
-1.9123501056149461,1.3022059471277347,-1
-2.649850441041654,0.7727945657620713,-1
-0.18286122188975945,1.2406657117604851,-1
0.23502669477914473,0.6420157241528635,-1
-0.8623298582033618,2.3491863362750838,-1
0.67868168946233,0.6437655537194181,-1
-2.635439990138404,-0.12210445789775881,-1
-0.1557124364225872,1.0646270795434352,-1
0.06514783500821113,1.3807188535440422,-1
-0.06612032770889695,1.1738668985465943,-1
0.1544625908903714,2.377191229813887,-1
-0.04435072025895751,1.0589248272768794,-1
-1.3628836737557783,1.706492569088244,-1
0.03160125373012703,1.5146294572578456,-1
-0.02976976992578701,1.2113936208766547,-1
0.4023098620068586,0.49782817418789893,-1
-0.06616259186197435,0.05272864976950566,-1
0.3272350175254166,0.21487131063679765,-1
0.519628348548848,0.7340609575182921,-1
0.015098247047016409,1.1393789011113193,-1
0.047478706893334104,1.0738614852642483,-1
0.10861914260608044,0.12441548011048992,-1
0.057909286081275095,1.4358281050053472,-1
0.10976501477737571,0.03499497411656276,-1
0.06682474806818156,0.2774541055725885,-1
0.3303344665295528,0.7838637501362795,-1
-0.7574097930894433,-0.8312157585044919,-1
0.3422004545179461,0.5397045983565883,-1
-1.3259659928434355,1.252712101551162,-1
0.25776950762596706,0.6660179801623202,-1
0.06931435654481201,-0.2181985931916009,-1
-0.6016582181750527,2.2454262370473574,-1
-0.45428993247796123,0.9708344582537063,-1
0.30078635536530696,0.44485146934164854,-1
-0.9888725751740226,0.05828228440893124,-1
0.4293381646207285,0.9576979897319811,-1
-1.0813386922716228,1.911214183227052,-1
-0.1193911936705377,1.480077586753005,-1
-0.22180030461007325,-0.14618206844557993,-1
-0.363929880268668,1.5789691892681537,-1
0.20412028308750907,3.0041657662935055,-1
-0.28733113510208397,1.0195763129940958,-1
-0.1719624233340143,1.3342405435274574,-1
0.3759184027444593,0.19478152904012358,-1
-0.65423560420555,1.196579430553078,-1
0.16843399037432114,1.0354552917596358,-1
-0.8645089404885298,2.4539836716711636,-1
-1.2931658444463796,-0.2799989296162815,-1
-1.2161049403790705,1.7317969441561611,-1
-1.51288189427992,2.9142745923439373,-1
0.45801002015455217,0.5134748594675114,-1
-0.14970003025296744,1.1301372688976423,-1
-0.4206665855483685,1.0222800568896895,-1
0.4263764041441239,0.5505963083290042,-1
0.3728547618970394,0.26906696329515484,-1
-0.16907465800312207,1.229688927472846,-1
-0.017114099928143008,0.05745787775794503,-1
0.06921910014740473,0.010062501277283116,-1
-1.41824126682386,1.6688591016696441,-1
-0.29057195154839355,0.025566561692938503,-1
-0.9927775000403619,1.1957390202252594,-1
0.15374698486430347,0.4297502535416635,-1
-0.1683599074212293,-0.6687351283555882,-1
-1.3046087366047852,2.1457696861909827,-1
-1.498497474000344,1.779020870926284,-1
0.17961779981237938,0.8195916584159273,-1
0.3133968809258756,0.3577309600090025,-1
-2.366116273954046,1.669976065247493,-1
-0.013808124873445996,0.034027751654005234,-1
-0.07321059295607024,0.20283895115273368,-1
-2.5888529623764174,-0.016833787228196728,-1
0.41610948864922087,0.6647963410380925,-1
0.35514062992200934,1.2756986899616929,2
0.30473196013820836,0.5910817529208741,-1
0.12828180863315403,0.2534572108309301,-1
-0.09011643173084503,1.2561307590185053,-1
0.22184729729845412,1.0447156490970158,-1
-0.900345700027037,1.5054184221348976,-1
-0.0215068500787419,0.10877148178992517,-1
-0.030185286235971165,1.4501004936027775,-1
-0.8789726983006894,1.5915747466847527,-1
-1.9834526113453421,0.8429313018207938,-1
0.0838189527949762,1.882493337934365,-1
-3.241170339687525,1.3519888869065328,-1
-1.0328003420675151,0.7743301528924915,-1
0.2989211810126614,0.623226444749373,-1
-0.08414916200037875,-0.3788691825059261,-1
-0.12199358530602654,0.698227066849236,-1
0.5453427600041588,0.9099810750245592,-1
-3.4080901314210905,1.5557121028437548,-1
0.4525843570211012,0.8126590474874984,-1
0.0789140727510237,1.0079607821708314,-1
-3.414029602857299,0.45121862407752134,-1
0.2612559151444035,0.5696728664408129,-1
-2.8304004104679823,2.8373566757403728,-1
0.13841396002413248,0.006692182459626638,-1
0.06192858145750632,-0.22639890525326098,-1
0.0024234308452362957,1.4160817344595162,-1
0.2245494155255094,0.10943817981530268,-1
0.10408293077787978,0.15682752081924742,-1
-0.03906579624550642,1.4735138441055364,-1
-0.18907385851571068,0.9851023691292993,-1
0.37459330979102634,0.5153037961943187,-1
-1.3783611202615726,0.2460863540614706,-1
0.20138108677294173,1.141116821059279,-1
-1.4814995240725208,3.1539184921261674,-1
-0.9720418589969421,0.9818777349693335,-1
-0.21368037415716637,-0.10565796243589495,-1
0.22626439496258444,1.8169165530086406,-1
-0.8344834677608161,3.852297377965468,-1
-3.348728693610161,0.23791258006955274,-1
0.2077934039044365,0.5749927595110979,-1
-2.0138401067360556,1.9323622254119976,-1
0.1430867460007841,0.6294872134904265,-1
0.1979835881724657,0.5042229360231621,-1
-1.086956920098357,0.6980250993069846,-1
0.27706228289294643,-0.1814724049822024,-1
-1.4865589649412416,-0.6816410373270387,-1
-0.3497565475000204,1.213638506815456,-1
-0.13056142617613786,0.6895020469742856,-1
0.1141221206504989,0.5464505862266492,-1
-0.08985335956139262,1.304006814036764,-1
0.12037103727339452,-0.10610293894088337,-1
-0.7986626363926149,2.403341318695454,-1
-1.1877529175491246,3.117510407383408,-1
-0.013890157622262866,1.2761608519170835,-1
-0.1153728881129701,-0.004364622174099168,-1
-1.626259234401874,-0.31631204330904006,-1
-2.1017496613366045,1.0977233258046506,-1
-1.8496844547140976,1.753145589698633,-1
0.13453995694494036,1.2661179253286075,-1
-2.4775241508273957,2.2737631714200566,-1
-0.0731605489826799,0.18095833619336965,-1
-0.39836794704516443,2.040160842699413,-1
-1.883018399528438,1.2548197020742222,-1
0.3132087142210429,0.6426377422111336,-1
0.6515190338630192,0.8903416213604889,-1
0.03429736119670202,-0.03883840959955001,-1
-0.22502869444002682,-1.164927065548424,-1
-1.968755865489602,2.180480894160179,-1
-0.16785314187206096,1.1237416557554014,-1
-2.2153076222161974,0.6562960002986109,-1
-1.36907450732817,0.5581944308672775,-1
-0.22027104171631962,2.653580985140771,-1
-0.46779743302664334,2.76585017133858,-1
-0.10024828100991325,0.17626026593404076,-1
0.33681607204808894,0.4190831661967579,-1
-1.4557487318282394,0.5129654548345388,-1
0.09543215559332072,1.2383864625304484,-1
-0.633723086311947,2.377144408071375,-1
0.30427186641221116,0.6603358359214692,-1
-1.0314978531550039,3.2789682789610013,-1
0.2770540726878245,0.2880754645855945,-1
-0.07311060042104382,-0.09004995946833894,-1
0.08954453147656327,0.4811228398191798,-1
0.2876020983119698,0.6734745746865235,-1
-0.9704870345851655,1.4433843627264054,-1
0.14932415219001738,0.15139747792922992,-1
-0.7978465929709994,1.1759595280611708,-1
-0.6698164571258577,0.9256111945955914,-1
0.4690874757039094,0.8404062440184481,-1
-2.367394280403073,2.17810606064255,3
0.017518347768681213,1.2177230662459324,-1
-0.007039342371221121,-0.17310866109122225,-1
0.7745930794595515,2.3338815749287223,-1
0.052001850776660336,1.193650622913992,-1
-0.02256589526584375,0.21350843352223084,0
0.44170265891007776,0.5967578797738684,-1
-0.03644036471796464,1.0490576520031503,-1
-0.06261488740769072,0.007814728188010767,-1
-1.0010086436598244,0.14876217850412687,-1
0.7707168966352642,0.23542287011295104,-1
0.07197868854509158,0.15427307864563022,-1
0.09132670765190316,1.5139353439636882,-1
-2.884299715894837,0.2266728710046957,-1
0.06784445651361352,0.2607694800606767,-1
0.36771230982226627,0.4526979493355435,-1
0.34389301073212675,1.5786167245252116,-1
-0.0665766678502835,-0.0806561831853558,-1
-1.6581716495785477,4.54869632731674,-1
-0.013243094001488246,1.1966014702862868,-1
-0.1945394225871535,1.3327133992819824,-1
0.05874474500057504,-0.036259617188858485,-1
0.13820801083731146,-0.10570957241390279,-1
-1.171802568503179,-0.4465577786049828,-1
0.20871998338624864,-0.15769867211087923,0
-0.10276762619091194,0.27592139593341497,-1
0.08245546381275438,-0.026717557579405478,-1
-0.26709188793100785,1.0070557213777562,-1
0.019257810363445316,0.5370708051093888,-1
0.03272113965716296,0.0716653091665568,-1
-1.4052226732366222,1.824101695684579,-1
-1.3766424992667698,1.9366705733586214,-1
0.4374534028445768,0.5231897028578748,-1
0.018568115350346907,-0.3910945778397931,-1
0.16181932816770978,0.4065742051368859,-1
0.030034888523841508,-0.3410586213957507,-1
-1.18494032974155,2.3431136554221252,-1
0.10963973844016187,1.192855585571164,-1
0.1895675177324018,0.889082787993567,-1
-1.5126067100006302,0.6464850612365405,-1
-0.06197374163550304,1.577902296467789,-1
-0.15994103903881648,0.11326599795617756,0
0.06146433276830306,0.11164678509831641,-1
0.23390878054806774,1.8106984090624338,-1
0.14042285732158133,1.1027203525266887,-1
-0.7301057135938545,2.0056866668218114,-1
-0.04243531947494253,1.094007010080594,-1
1.2699384822923894,1.694461717657633,-1
-1.6449248911722272,1.5360618023917683,-1
0.34839803087277393,0.42986273888023463,-1
-0.060881716570055644,-0.18519570520026357,-1
0.18063683223339252,1.3489898830790314,-1
-2.048378398308718,0.7044987922007955,-1
0.19418272878333354,0.6649803284078425,-1
-1.2873849962497044,0.17346402294557595,-1
0.2222014971618801,0.5672925328919418,-1
-1.5281563392160198,1.0349808112235728,-1
-0.0953308459003008,0.09294552240030993,-1
-1.776913317215364,0.7516343649964019,-1
-1.8577226603012722,1.6286240544201922,-1
-0.17173043699740626,0.06716874848911218,-1
0.15146035185383924,0.9556723300254628,2
0.6610292390467414,-0.25998902905638244,-1
-0.04756992236839066,-0.08573957974566963,-1
-1.7050186122571631,1.71398343153452,-1
0.2728231281123146,-0.16824900118951036,-1
0.3115019036114326,0.6692217094457784,-1
-0.6477846788631725,1.4172277973197245,-1
-0.14561403324682454,1.2182275359899715,-1
-0.12668214742967532,1.0135163178314097,-1
0.04272155837719425,0.23183423768003478,-1
-2.2035355050351404,1.0468718688060217,-1
0.12759975050748293,1.1565905503887786,-1
-1.4435740989494805,3.3746124426792012,-1
-0.1562040897458117,-0.2928248229292952,-1
-0.663081311476682,1.9251037841307714,-1
0.0468857583930836,-0.08643690463814219,-1
0.07717892414718397,0.7184509197511091,-1
0.28635577173739707,1.4067311160436236,-1
-0.15193425122765927,-0.05229322148973536,-1
-0.034053608568256205,0.1379941709705526,-1
-0.0012844307244701371,1.2235247272014345,-1
0.14033748378122501,1.0514290544072469,-1
0.3536958018633114,0.622929269437348,-1
0.3592727712880663,0.6336696521203791,-1
0.4391980516641536,0.49830039270838933,-1
0.04080098513952926,1.2270986369339432,-1
0.5716329368355249,0.795502464322994,-1
-0.6876421915903714,1.5918818670932189,-1
0.3581995568910254,0.7105849706626982,-1
-1.9888037984716322,1.2010993584022764,-1
-1.5929071077351142,-0.3341427639978949,-1
0.03172800230991732,1.0690836818990794,-1
0.29989683729732763,0.5620394360252011,-1
-0.13479460210484162,0.7832769287113068,-1
0.19910691424222743,1.1304784202128748,-1
0.09393810200710562,1.2230001046019647,-1
0.5651387977547404,0.33129112808438343,-1
-0.2727607886986447,1.1529548704339079,-1
-2.117014579566419,2.039065681480293,-1
0.33088902892513733,0.4545196556994944,-1
-1.8022465980569082,0.09325333197433339,-1
-0.2503532315516794,0.05093353316116289,-1
-0.07006654862895402,0.15861887505655387,-1
0.5428347395730885,0.5698771972808603,-1
-0.23323864837308284,1.183612569090366,-1
-0.5770587675495489,1.8419711944492931,-1
0.14956872827019532,1.3848194327101522,-1
0.5269151109832428,1.1618263533238105,-1
-0.9763235912802779,2.304693643469217,-1
-2.2867968494144755,2.6181822354380193,-1
-0.5852826992006523,1.3894132405300925,-1
-1.3231581674773323,0.8517618724054814,-1
0.35068965399245045,1.21080613620894,-1
-0.1183050418271877,2.427996080759457,-1
0.30196503667444563,1.164263538534282,-1
0.027749492479016032,1.122418320283625,-1
-0.17874482457366236,0.9749186739891973,-1
-0.2701897003825048,1.0699547920977248,-1
-0.24526282469998306,1.1754081079214524,-1
-0.1007807945050123,0.7511450281295411,-1
0.10788125497395804,0.463133811074268,-1
-1.1922055935224765,0.5259325677869322,-1
0.05654650226820932,1.14257948416183,-1
0.032089484394911334,-0.19670702314850194,-1
0.09822391176224476,0.30283332752777103,-1
0.02358876187118838,-0.10537368706352494,-1
-0.062318795223375446,-0.01255708361880664,-1
-0.4959853942859539,1.7966860483297076,-1
-0.020245078604746846,1.2357952051728733,-1
-0.11082024332072171,0.5683405415315955,-1
0.1725333076307472,1.4556353853820965,-1
-0.14525324730012157,-0.11632119615134878,-1
-1.7332586332188846,2.4921326552837764,-1
-0.17430864096269297,1.0221244357101633,-1
-2.032804781512871,2.1849452836394807,-1
-0.7079516467083582,0.5159474829488874,-1
-1.2767843793146523,1.9652438016684042,-1
0.15133579495720204,0.12198877641914674,-1
0.08087002255516534,-0.20089558415527117,-1
-0.08107578325175495,1.3120614035487532,-1
-1.113643660488937,2.9130900822642234,-1
0.07571726494316232,0.15181985931099845,-1
0.20989461366650772,0.8447434605390709,-1
0.22904470712418204,1.3794104543438472,-1
0.6136436943605648,0.5291302208318468,-1
-2.109118856252348,1.1205566063061652,-1
0.017729767857788348,0.5100294062995788,-1
-0.33679962888433956,1.1446059743791852,-1
0.6202796938615363,0.44938713340407016,-1
-1.5774170673148808,2.4386708922252005,-1
-2.428772715989094,2.5004177705431943,-1
-0.0859315889536788,0.8011288072160433,-1
-0.3152326081196858,1.2893691380230117,-1
0.2992802455362881,0.5860083986128841,-1
0.4903950999999792,0.6033866468264011,-1
-2.082689296988007,1.7590142360600178,-1
0.5826670377019396,1.3202782824474688,-1
0.136980867591098,-0.3109616678787389,-1
-1.803611598832847,1.8863039467002014,-1
0.22388947800607295,0.7981499203691118,1
-0.259779729048522,1.5081580932524181,-1
0.1946344925260377,-0.21715961966712471,-1
-0.10965540024663269,0.04292881230419077,-1
-0.03324813995622233,0.3386834051072765,-1
-0.059982697218814905,0.09798461552093471,-1
1.1398119097327024,0.48965320151968594,-1
0.06579575868130494,1.2809504813792971,-1
-0.14338227882469765,1.5298874083574723,-1
-2.2597821925929766,2.248204767480483,-1
-2.7871002198908403,-0.12774574087001178,-1
0.016491310002300752,1.4327567537115047,-1
-2.3927487545884345,1.6072721719979801,-1
0.35190920382103685,0.5929220745248647,-1
-1.2613715862332542,1.2844052370303074,-1
0.1458082615770168,1.1198509067793898,-1
0.5895262852528428,0.5609027604593227,-1
0.3349525583568305,0.34053322092241955,-1
-1.7244608036080216,2.709449570052651,-1
-1.0521959781880645,1.2904418594279967,-1
0.3518277695858771,0.31718889341720385,-1
-0.17228618989557298,-0.11012590024869187,-1
0.4371929510984992,0.4003151936194303,1
-1.409913978663003,-0.12618280448508257,-1
-0.4534859634547017,1.6342404229277467,-1
0.1152402471667322,0.07767341588519254,-1
-1.4673179618612466,1.106181382862681,-1
0.28613254954648404,0.8401548932119065,-1
0.08472556405783027,0.28221858101484376,-1
0.3274057762539036,1.5455482496580097,-1
0.12944731403220194,1.1046197637741286,-1
0.3379845686379773,0.9553741433766709,-1
0.263956237629865,1.2116582129245328,-1
0.10060847660082946,1.4213595696708319,-1
0.06536374591888879,1.3580510244333044,-1
-0.8097597684796851,1.6563565436687224,-1
-2.512757171031908,1.8959742367323842,-1
-0.10367262359788074,0.08442690521043299,-1
-1.1420335587774764,1.4566100002986915,-1
-1.1631387801106217,1.696656884637524,-1
-0.06441723273378537,-0.3852750156876885,-1
0.20690977677952274,0.6000399093707833,-1
-0.3251316192550957,2.3619768961410785,-1
-0.060878224294089005,0.018978335243931502,-1
-0.049170909545456665,1.501723298950532,-1
-0.09727359083173524,1.046452926411467,-1
-0.341364416905219,1.450739101263996,-1
-1.0011448281077966,-0.24284451647753302,-1
0.02606467721881118,0.2006982977390868,-1
-2.433675310730237,0.5181278906777762,-1
-0.13789093968272453,1.1117547879827339,-1
-0.22702669389085717,0.9760109502922043,-1
-1.4587344001915756,2.376600442557555,-1
-0.22639852994274842,-0.03361053921034407,-1
-0.19938217752902798,-0.06507522290728218,-1
-2.36825716362006,1.7585124752062444,-1
-0.8525840550203672,-0.6789405634827883,-1
0.5234970445857985,0.5316159108041062,-1
0.05771717830516742,0.20020054092295267,-1
-0.0877233623595552,1.1889853909268466,-1
-0.3706221171093145,1.0542054114578159,-1
-1.098039202994677,2.304514176639288,-1
-0.51346021464282,0.9781008296173077,-1
0.1336791571716714,0.3741545286266229,-1
-0.355294900724523,0.8632065309513748,-1
-2.471790248252057,0.5258143498932265,-1
-0.31124699811704853,1.0668977432735383,-1
0.17474525167785399,1.201400653419024,-1
-0.30896699360244584,0.6582483997103841,-1
0.10691458985292268,1.853194756399446,-1
-1.2020625647824708,1.4556534825293383,-1
-0.666572462640318,1.8683551060740105,-1
0.41058790982318505,0.44665957634024306,-1
-0.8771244285495271,2.2946840748202035,-1
-2.0572841076462813,1.5566759552367033,-1
0.10776600016366354,0.24082692048816123,-1
-0.2554928739421792,0.993315549320834,-1
0.16286241156233053,0.6986500523612784,-1
0.07704779957043151,0.860667966188694,-1
-0.09627356121949837,1.0541330554288215,-1
-2.3826222131709107,0.8085611858128948,-1
-1.5585234593088027,0.7698400908780203,-1
-0.03221909103399228,-0.14282570216008986,-1
-0.27950394861996847,1.392536309153972,-1
0.2152091314964477,0.06779718851531667,-1
0.347411136162526,0.7406764815503886,-1
0.2841245769800479,-0.21320609410293628,-1
-0.4360493281941644,0.9895494198544732,-1
1.234283819765143,-1.2835583315132983,-1
0.02447513144621144,0.16126662125921043,-1
-0.8865980824251182,0.9571976252433474,-1
-0.6132378558754022,1.1938120424248988,-1
-2.0209920335019937,2.0146473936720137,-1
-0.4908193955565132,1.5394583605908623,-1
-0.9643006604448686,0.33560710517291437,-1
-0.9133490259763595,2.594425179834487,-1
-0.39537601949766,0.3595930765244064,-1
0.04572579127019369,-0.04062887483407037,-1
0.16406851249243826,1.2886809279937055,-1
0.2000704245136904,0.7270952363830016,-1
-0.0811215836543106,1.5422837632078457,-1
-0.8058417076284006,1.2723173408416897,-1
-0.4350472827581394,1.961489307207277,-1
0.0062743053952962645,-0.04250693062155833,-1
-0.4880075215959515,2.3720721047330304,-1
0.3758708547745211,0.5643935778617287,-1
-0.949865723988528,1.1244462040980618,-1
0.1350805538301945,0.1973719943869272,-1
-0.2979818313923993,2.973966063237431,-1
-0.0453742105150421,1.458850695677612,-1
-0.19528435247983544,1.1549760995000897,-1
-0.05091190909041448,1.2781614695949013,-1
0.01491962357569418,0.07116197902612756,-1
0.4402086295459467,0.43233992433204194,1
-1.9215629980717477,0.15944066491348852,-1
0.07207625433957508,0.9379908455832909,-1
0.19435063986432333,-0.054817292757775235,-1
-0.48569670451499203,0.2097648447675835,-1
0.3456324892399387,0.4651663592667417,-1
0.26932386787643076,0.6180710322732996,-1
0.2379328435527227,0.38713795220495795,-1
0.5033606027707188,0.7010401951572659,-1
-0.11866054866139988,0.11139377639611746,-1
-2.3271043811063232,2.560196019834713,-1
-0.1904386911998072,-0.04334825550601947,-1
-1.8959205668703185,0.6861009584333209,-1
-0.010477359485540608,-0.1570262146527716,-1
-0.0803366185606464,-0.038632183430421976,-1
0.13532725041972168,-0.2784857343236768,-1
-0.08149499021175047,1.2670548676911182,-1
-1.678153425288882,0.5011917136791183,-1
-1.3965885822706565,1.3658780145275953,-1
0.286391829598708,0.6320455752393055,-1
-0.0958407101148194,-0.12140831596741802,-1
-2.3301811294619412,2.9877484050944165,-1
-0.029654745067218814,0.12478482449696207,-1
-1.7930761607551682,0.7700116440164197,-1
-1.0126211065539443,1.9735469378121901,-1
0.027551004996982487,2.034239927329672,-1
0.05308545636949078,0.1774670261654662,-1
-0.6449663033874966,2.8314802735713753,-1
-2.0280458386244997,2.8494630745321983,-1
-0.17601985480499513,1.184346287120065,-1
-1.489589612238841,0.558715693930331,-1
0.11174023128695049,-0.12436160148743314,-1
0.1831333740293115,0.44208264432889993,-1
0.09053997444372411,0.06137777977075305,-1
0.0900558996874501,0.03886456723606363,-1
-0.8733308404556466,1.1849853171388902,-1
-1.3209406503763679,0.15895915035732777,-1
-1.00533255594235,1.9718316676022987,-1
-1.9089863078675595,2.6018367530523125,-1
0.22573082484434442,0.137904418528018,-1
0.2943174977865263,1.1618862159643126,-1
-1.8944468974849937,0.8860099173307445,-1
-1.8627183129983158,2.1486048568950977,-1
-0.20428162812189232,1.7923132355859284,-1
0.5551604280887648,0.4828666111502718,-1
0.4215729713503134,0.29160831804241166,-1
-1.6142362515997877,2.9952988601775035,-1
0.5911938487153753,0.6950477468909155,-1
-1.2653448642717655,0.05681627085029217,-1
0.17887840051207665,0.5949791441433291,-1
0.08328633535507937,-0.06907904616458369,-1
0.05648441462186067,0.14562997162305635,-1
-1.043507852750446,-0.913620997533708,-1
0.05421633012697918,0.17776645506287167,-1
0.34695975188806527,0.64327509059763,-1
0.11269349216188176,1.574295549743739,-1
-0.09600726131993434,0.01174858237746694,-1
-0.04306841563609831,1.5991635054009192,-1
-1.492167652148394,-1.4631573180746735,-1
0.38539486431700265,0.5306002776093359,-1
0.34082129946754136,0.611671288602719,-1
0.5721412857355319,0.41556276575957046,-1
-1.5554562959528768,1.320857793330691,-1
-0.057507803350641866,1.1855740579708895,-1
-0.5597072594278729,1.209918970569732,-1
-1.7308543251370638,-1.095215001739367,-1
0.15499490390360784,0.30347537433691296,-1
-0.04902919201026246,0.25566216576431966,-1
-2.665992643902608,-0.8293095825573578,-1
-0.5427652348951328,0.9293239278585231,-1
0.14704537197840323,1.5550902859019624,-1
0.34590137805868326,0.42103358275672603,-1
0.14442599138247433,0.7121881785415292,-1
-1.0639511346973545,1.068917557313644,-1
-1.9246673346511467,1.7086287411483712,-1
-0.6568458504193573,1.7981070567184427,-1
-1.1175142595570544,3.3993808077667707,-1
-0.13750803492866284,0.8977158971288286,-1
0.1066509079593072,-0.020138476750475847,-1
-0.07272379352612493,-0.21672126813294507,-1
-0.8416086135686873,1.0624409992841617,3
-0.17899505177662156,-0.4855955814322792,-1
-0.24837470821078023,1.0677890752169026,2
0.3063270153172537,0.9411721144567347,-1
0.03958401345693885,0.3907459451836163,-1
-0.027898067131060238,-0.1392312238215985,-1
0.26075130676461855,1.4497627870169392,-1
-2.223838101736855,2.120698201119606,-1
0.06294133285388374,0.006877058815472203,-1
0.6819976136543955,0.5447481753743892,-1
0.4331541255330166,0.4698480734571273,-1
0.4009254351887894,0.8753352549470312,-1
-1.0694429631651985,0.5609500559175409,-1
0.4124010273003678,0.6822002921697786,-1
0.21282597027486477,1.6186733770512005,-1
0.6662685841142848,1.1512632263159832,-1
-0.6504380105943327,0.046426206988905205,-1
0.3105419792619424,0.26648679798386876,-1
-0.11601940102710961,1.2944411177246031,-1
-0.019926223371341048,1.4349384495881266,-1
0.2020927101610686,1.0728682055585854,-1
-0.08725373225548767,0.056221418851687334,-1
-0.48477858528312723,0.5023589105001912,-1
0.24817756077786052,0.35652457842329366,-1
-0.8160190230549085,-0.023326144828251127,-1
0.1868691636075514,0.9440266131264248,-1
-1.4877264213871024,1.7030426804801553,-1
-0.13895344842346088,1.215366338973032,-1
-2.1772055393563785,1.3446422821448405,-1
-1.218393192715378,1.0908154584242513,-1
0.22212304579432915,0.4517410673591831,-1
-0.062237441663558275,-0.1641306152294809,-1
0.32670802326336174,0.5275283373524267,-1
-0.03561012611152463,1.22235299364724,-1
-2.397550123961895,0.8543448614818193,-1
-0.7652213975739575,1.819473665723296,3
0.04932205441240247,0.2095300073346758,-1
0.012506987700800332,1.3869445629693582,-1
-0.5322160803849858,4.351210139389315,-1
0.19600776297443115,1.0532254050553842,-1
-0.8894378681557757,2.16880100702621,-1
-0.6528396133920394,0.7186282219653758,-1
-0.26865356039842125,1.5737064836916705,-1
0.403582960161361,0.35349979324936937,-1
-0.10075103297907428,0.6615657977927594,-1
0.09100684222754432,1.167425796224547,-1
0.045981812292144486,0.1338293746995322,-1
0.32754106815286055,2.082057922758605,-1
-1.4678965173488945,2.065454105797728,-1
-3.468145894026311,0.11733349675916971,-1
0.8167773938085512,0.45405220974620597,-1
0.3397744127943987,0.5513647689893705,-1
-1.4134820541536843,1.7521822417826858,-1
-0.3818500112114954,1.3126287736429336,-1
-1.017882544621432,1.9877084527734892,-1
-1.8867149428390397,0.5927497776125432,-1
-1.9572048743499053,0.7808525035004084,-1
-0.3895889204201344,1.0518653787773,-1
-0.9148037428461238,1.5787816836978696,-1
0.1898981698507537,0.2885888524632008,-1
-0.07671139453202824,-0.01922386256326188,-1
-2.7035381720568594,1.9959847736480962,-1
0.020472098621680163,0.19662622279710493,-1
-3.5309896567313834,0.888038855524243,-1
-0.012819207313944425,0.7063386252547942,-1
0.26019530185924594,0.5036216372517676,-1
0.07289743099165436,1.23348492397685,-1
-0.5025449616593842,2.3128062962859235,-1
0.3367052254486809,0.485025646754174,-1
0.17521234487436257,-0.19002363882776824,-1
-0.2757185716626499,2.0026807034203213,-1
-3.929450899756197,0.9842543715944537,-1
-2.1393187470117274,1.210094583093595,-1
-0.7357692255043198,0.00658673926336073,-1
0.10110544382653329,-0.17780846182446908,-1
0.2520021403151406,1.4566174396506668,-1
0.10234907458006447,-0.03861828413882101,-1
0.45002664758783173,0.45698550273834104,-1
-0.6777702463365668,1.9888838471681116,-1
0.2858543349193313,1.2571817144891413,-1
-0.40322310086482827,1.4091662094581203,-1
-2.5318689959130998,2.3460649720219453,-1
-0.15682800153396612,-0.12268077286938832,-1
-0.7936796028513101,-1.2133468052689005,-1
0.7105970943503286,0.6791462472947459,-1
-0.6309501628998393,1.439698885852632,-1
-1.2220819537230065,1.2968540761509495,-1
0.3288686724274812,1.466846332250818,-1
0.2909270950073045,0.711563446881938,-1
-3.021716840691431,1.3860162635285038,-1
-0.1515792045203995,1.1584520670953433,-1
0.13837489908319459,1.272704922579775,-1
0.28535719803287796,2.810407425947756,-1
0.375993889978446,0.6690219693960431,-1
-0.012507056718122092,0.456847655596693,-1
0.14450498549142848,1.3229565282432199,-1
